{"name":"siyeh_state-marriage-rate","title":"State Marriage Rates 1990, 1995, 1999-2016","description":"Rates are based on provisional counts of marriages per 1,000 total population residing in area.\n\nPopulation enumerated as of April 1 for 1990, 2000, and 2010 and estimated as of July 1 for all other years.\nBlank cells indicate data is not available for that year.\nFor California, marriage data includes nonlicensed marriages registered.\n\nNote: Rates for 2001-2009 have been revised and are based on intercensal population estimates from the 2000 and 2010 censuses.\n\nSource: [CDC/NCHS, National Vital Statistics System](https://www.cdc.gov/nchs/nvss/marriage-divorce.htm)\n\nCSV file link for downloadable file: ftp://ftp.cdc.gov/pub/Health_Statistics/NCHS/nvss/marriage-divorce/state_marriage_rates_90_95_99-16.xlsx","homepage":"https://data.world/siyeh/state-marriage-rate","resources":[{"name":"census_region","schema":{"fields":[{"name":"year","title":"year","type":"gyear","rdfType":"http://www.w3.org/2001/XMLSchema#gYear","dwSourceId":"year"},{"name":"northeast","title":"Northeast","type":"number","rdfType":"http://www.w3.org/2001/XMLSchema#decimal","dwSourceId":"northeast"},{"name":"west","title":"West","type":"number","rdfType":"http://www.w3.org/2001/XMLSchema#decimal","dwSourceId":"west"},{"name":"midwest","title":"Midwest","type":"number","rdfType":"http://www.w3.org/2001/XMLSchema#decimal","dwSourceId":"midwest"},{"name":"south","title":"South","type":"number","rdfType":"http://www.w3.org/2001/XMLSchema#decimal","dwSourceId":"south"}]},"path":"data/census_region.csv","format":"csv"},{"name":"state_marriage_rates_90_95_99_16","schema":{"fields":[{"name":"state","title":"State","type":"string","rdfType":"http://www.w3.org/2001/XMLSchema#string","dwSourceId":"state"},{"name":"2016","title":"2016","type":"number","rdfType":"http://www.w3.org/2001/XMLSchema#decimal","dwSourceId":"2016"},{"name":"2015","title":"2015","type":"number","rdfType":"http://www.w3.org/2001/XMLSchema#decimal","dwSourceId":"2015"},{"name":"2014","title":"2014","type":"number","rdfType":"http://www.w3.org/2001/XMLSchema#decimal","dwSourceId":"2014"},{"name":"2013","title":"2013","type":"number","rdfType":"http://www.w3.org/2001/XMLSchema#decimal","dwSourceId":"2013"},{"name":"2012","title":"2012","type":"number","rdfType":"http://www.w3.org/2001/XMLSchema#decimal","dwSourceId":"2012"},{"name":"2011","title":"2011","type":"number","rdfType":"http://www.w3.org/2001/XMLSchema#decimal","dwSourceId":"2011"},{"name":"2010","title":"2010","type":"number","rdfType":"http://www.w3.org/2001/XMLSchema#decimal","dwSourceId":"2010"},{"name":"2009","title":"2009","type":"number","rdfType":"http://www.w3.org/2001/XMLSchema#decimal","dwSourceId":"2009"},{"name":"2008","title":"2008","type":"number","rdfType":"http://www.w3.org/2001/XMLSchema#decimal","dwSourceId":"2008"},{"name":"2007","title":"2007","type":"number","rdfType":"http://www.w3.org/2001/XMLSchema#decimal","dwSourceId":"2007"},{"name":"2006","title":"2006","type":"number","rdfType":"http://www.w3.org/2001/XMLSchema#decimal","dwSourceId":"2006"},{"name":"2005","title":"2005","type":"number","rdfType":"http://www.w3.org/2001/XMLSchema#decimal","dwSourceId":"2005"},{"name":"2004","title":"2004","type":"number","rdfType":"http://www.w3.org/2001/XMLSchema#decimal","dwSourceId":"2004"},{"name":"2003","title":"2003","type":"number","rdfType":"http://www.w3.org/2001/XMLSchema#decimal","dwSourceId":"2003"},{"name":"2002","title":"2002","type":"number","rdfType":"http://www.w3.org/2001/XMLSchema#decimal","dwSourceId":"2002"},{"name":"2001","title":"2001","type":"number","rdfType":"http://www.w3.org/2001/XMLSchema#decimal","dwSourceId":"2001"},{"name":"2000","title":"2000","type":"number","rdfType":"http://www.w3.org/2001/XMLSchema#decimal","dwSourceId":"2000"},{"name":"1999","title":"1999","type":"number","rdfType":"http://www.w3.org/2001/XMLSchema#decimal","dwSourceId":"1999"},{"name":"1995","title":"1995","type":"number","rdfType":"http://www.w3.org/2001/XMLSchema#decimal","dwSourceId":"1995"},{"name":"1990","title":"1990","type":"number","rdfType":"http://www.w3.org/2001/XMLSchema#decimal","dwSourceId":"1990"}]},"path":"data/state_marriage_rates_90_95_99_16.csv","format":"csv"},{"name":"test_allow_changes","schema":{"fields":[{"name":"northeast","title":"northeast","type":"number","rdfType":"http://www.w3.org/2001/XMLSchema#decimal","dwSourceId":"northeast"},{"name":"west","title":"west","type":"number","rdfType":"http://www.w3.org/2001/XMLSchema#decimal","dwSourceId":"west"},{"name":"mid","title":"midwest","type":"number","rdfType":"http://www.w3.org/2001/XMLSchema#decimal","dwSourceId":"midwest"},{"name":"south","title":"south","type":"number","rdfType":"http://www.w3.org/2001/XMLSchema#decimal","dwSourceId":"south"}]},"path":"data/test_allow_changes.csv","format":"csv"},{"name":"test_allow_changes_2","schema":{"fields":[{"name":"northeast","title":"northeast","type":"number","rdfType":"http://www.w3.org/2001/XMLSchema#decimal","dwSourceId":"northeast"},{"name":"west","title":"west","type":"number","rdfType":"http://www.w3.org/2001/XMLSchema#decimal","dwSourceId":"west"},{"name":"midwest","title":"midwest","type":"number","rdfType":"http://www.w3.org/2001/XMLSchema#decimal","dwSourceId":"midwest"},{"name":"south","title":"south","type":"number","rdfType":"http://www.w3.org/2001/XMLSchema#decimal","dwSourceId":"south"}]},"path":"data/test_allow_changes_2.csv","format":"csv"},{"name":"test_dont_allow_changes_2","schema":{"fields":[{"name":"northeast","title":"northeast","type":"number","rdfType":"http://www.w3.org/2001/XMLSchema#decimal","dwSourceId":"northeast"},{"name":"west","title":"west","type":"number","rdfType":"http://www.w3.org/2001/XMLSchema#decimal","dwSourceId":"west"},{"name":"midwest","title":"midwest","type":"number","rdfType":"http://www.w3.org/2001/XMLSchema#decimal","dwSourceId":"midwest"},{"name":"south","title":"south","type":"number","rdfType":"http://www.w3.org/2001/XMLSchema#decimal","dwSourceId":"south"}]},"path":"data/test_dont_allow_changes_2.csv","format":"csv"},{"name":"test_of_dont_allow_changes","schema":{"fields":[{"name":"northeast","title":"northeast","type":"number","rdfType":"http://www.w3.org/2001/XMLSchema#decimal","dwSourceId":"northeast"},{"name":"west","title":"west","type":"number","rdfType":"http://www.w3.org/2001/XMLSchema#decimal","dwSourceId":"west"},{"name":"midwest","title":"midwest","type":"number","rdfType":"http://www.w3.org/2001/XMLSchema#decimal","dwSourceId":"midwest"},{"name":"south","title":"south","type":"number","rdfType":"http://www.w3.org/2001/XMLSchema#decimal","dwSourceId":"south"}]},"path":"data/test_of_dont_allow_changes.csv","format":"csv"},{"name":"original/Census Region.csv","path":"original/Census Region.csv","format":"csv","mediatype":"text/csv","bytes":631},{"name":"original/Test allow changes","path":"original/Test allow changes","format":"","mediatype":"text/csv","bytes":90},{"name":"original/Test allow changes 2","path":"original/Test allow changes 2","format":"","mediatype":"text/csv","bytes":90},{"name":"original/Test don't allow changes 2","path":"original/Test don't allow changes 2","format":"","mediatype":"text/csv","bytes":90},{"name":"original/state_marriage_rates_90_95_99-16.xlsx","description":"From the  US National Vital Statistics System","path":"original/state_marriage_rates_90_95_99-16.xlsx","format":"xlsx","mediatype":"application/vnd.openxmlformats-officedocument.spreadsheetml.sheet","bytes":18583,"keywords":["clean data"]},{"name":"original/test of don't allow changes","path":"original/test of don't allow changes","format":"","mediatype":"text/csv","bytes":90},{"name":"original/vega-lite.vl.json","description":"Marriage trends in the northeast","path":"original/vega-lite.vl.json","format":"json","mediatype":"application/vnd.vegalite.v2+json","bytes":948,"keywords":["visualization"]}],"keywords":["marriage"]}