{"$schema":"https://vega.github.io/schema/vega-lite/v2.json","mark":{"type":"line"},"encoding":{"x":{"field":"year","type":"nominal","scale":{"type":"linear","zero":true}},"y":{"field":"northeast","type":"quantitative","scale":{"type":"linear","zero":true}}},"data":{"values":[{"year":"1999","northeast":65.3},{"year":"2000","northeast":66.4},{"year":"2009","northeast":56.5},{"year":"2010","northeast":57.6},{"year":"2011","northeast":56.6},{"year":"2012","northeast":56.5},{"year":"2013","northeast":58.55620652},{"year":"2014","northeast":59.21021629},{"year":"2015","northeast":58.16191788},{"year":"2016","northeast":59.90775488},{"year":"2001","northeast":66.4},{"year":"2002","northeast":64.9},{"year":"2003","northeast":63.6},{"year":"2004","northeast":64.6},{"year":"2005","northeast":61.7},{"year":"2006","northeast":59.7},{"year":"2007","northeast":58.7},{"year":"2008","northeast":56.8}]},"config":{"background":"#ffffff","padding":20}}